Name_Code,ParkName,ParkCode,Region,Type
Abraham Lincoln Birthplace National Historical Park (ABLI),Abraham Lincoln Birthplace National Historical Park,ABLI,Southeast,National Historical Park
Acadia National Park (ACAD),Acadia National Park,ACAD,Northeast,National Park
Accounting Operations Center  (AOC),Accounting Operations Center,AOC,,
Adams National Historical Park (ADAM),Adams National Historical Park,ADAM,Northeast,National Historical Park
Adams National Memorial (ADNM),Adams National Memorial,ADNM,,
African American Civil War Memorial (AFAM),African American Civil War Memorial,AFAM,,
African Burial Ground National Monument (AFBG),African Burial Ground National Monument,AFBG,Northeast,National Monument
Agate Fossil Beds National Monument (AGFO),Agate Fossil Beds National Monument,AGFO,Midwest,National Monument
Air Quality Data Inventory (AQI),Air Quality Data Inventory,AQI,,
Air Quality Related Values Inventory (AQVI),Air Quality Related Values Inventory,AQVI,,
Air Resources Division  (ARD),Air Resources Division,ARD,,
"Air Resources Policy, Planning and Permit Review (PPPR)","Air Resources Policy, Planning and Permit Review",PPPR,,
Air Resources Research and Monitoring (ARRM),Air Resources Research and Monitoring,ARRM,,
Ala Kahakai National Historic Trail  (ALKA),Ala Kahakai National Historic Trail,ALKA,,
Alagnak Wild River (ALAG),Alagnak Wild River,ALAG,,
Alaska Public Lands Info Ctr - Anchorage  (ANCH),Alaska Public Lands Info Ctr - Anchorage,ANCH,,
Alaska Public Lands Info Ctr - Fairbanks  (AKLO),Alaska Public Lands Info Ctr - Fairbanks,AKLO,,
Alaska Region  (AKR),Alaska Region,AKR,,
Alaska Region Office  (AKRO),Alaska Region Office,AKRO,,
Alaska Support Office  (AKSO),Alaska Support Office,AKSO,,
Alcatraz Island  (ALCA),Alcatraz Island,ALCA,,
Aleutian World War II National Historic Area  (ALEU),Aleutian World War II National Historic Area,ALEU,,
Aleutian and Bering Sea Islands FWS Landscape Conservation Cooperative  (FABS),Aleutian and Bering Sea Islands FWS Landscape Conservation Cooperative,FABS,,
Alibates Flint Quarries National Monument (ALFL),Alibates Flint Quarries National Monument,ALFL,Intermountain,National Monument
Allegheny Portage Railroad National Historic Site (ALPO),Allegheny Portage Railroad National Historic Site,ALPO,Northeast,National Historic Site
American Memorial Park  (AMME),American Memorial Park,AMME,,
Amistad National Recreation Area (AMIS),Amistad National Recreation Area,AMIS,Intermountain,National Recreation Area
Anacostia Park  (ANAC),Anacostia Park,ANAC,,
Anchorage Interagency Visitor Center  (AIVC),Anchorage Interagency Visitor Center,AIVC,,
Andersonville National Historic Site (ANDE),Andersonville National Historic Site,ANDE,Southeast,National Historic Site
Andrew Johnson National Historic Site (ANJO),Andrew Johnson National Historic Site,ANJO,Southeast,National Historic Site
Aniakchak National Monument and Preserve  (ANIA),Aniakchak National Monument and Preserve,ANIA,Alaska,National Monument
Antietam National Battlefield (ANTI),Antietam National Battlefield,ANTI,National Capital,National Battlefield
Antietam National Cemetery (ANCM),Antietam National Cemetery,ANCM,,
Apostle Islands National Lakeshore (APIS),Apostle Islands National Lakeshore,APIS,Midwest,National Lakeshore
Appalachian FWS Landscape Conservation Cooperative  (FAPP),Appalachian FWS Landscape Conservation Cooperative,FAPP,,
Appalachian Highlands Network  (APHN),Appalachian Highlands Network,APHN,,
Appalachian National Scenic Trail (APPA),Appalachian National Scenic Trail,APPA,,
Appalachian Trail Land Acquisition Field Office  (APLO),Appalachian Trail Land Acquisition Field Office,APLO,,
Appomattox Court House National Historical Park (APCO),Appomattox Court House National Historical Park,APCO,Northeast,National Historical Park
Arches National Park (ARCH),Arches National Park,ARCH,Intermountain,National Park
Arctic FWS Landscape Conservation Cooperative  (FARC),Arctic FWS Landscape Conservation Cooperative,FARC,,
Arctic Network  (ARCN),Arctic Network,ARCN,,
Arkansas Post National Memorial (ARPO),Arkansas Post National Memorial,ARPO,Midwest,National Memorial
"Arlington House, The Robert E. Lee Memorial (ARHO)","Arlington House, The Robert E. Lee Memorial",ARHO,National Capital,National Memorial
Assateague Island National Seashore (ASIS),Assateague Island National Seashore,ASIS,Northeast,National Seashore
Aztec Ruins National Monument (AZRU),Aztec Ruins National Monument,AZRU,Intermountain,National Monument
Badlands National Park (BADL),Badlands National Park,BADL,Midwest,National Park
Baltimore-Washington National Parkway (BAWA),Baltimore-Washington National Parkway,BAWA,,
Bandelier National Monument (BAND),Bandelier National Monument,BAND,Intermountain,National Monument
Base Cartography Data Inventory (BCI),Base Cartography Data Inventory,BCI,,
Baseline Water Quality Inventory (WQI),Baseline Water Quality Inventory,WQI,,
Battleground National Cemetery (BATT),Battleground National Cemetery,BATT,,
Bear Paw Battlefield  (BEAR),Bear Paw Battlefield,BEAR,,
Belmont-Paul Women\u0027s Equality National Monument (BEPA),Belmont-Paul Women\u0027s Equality National Monument,BEPA,,
Benjamin Franklin National Memorial  (BEFR),Benjamin Franklin National Memorial,BEFR,,
Bent\u0027s Old Fort National Historic Site (BEOL),Bent\u0027s Old Fort National Historic Site,BEOL,Intermountain,National Historic Site
Bering Land Bridge National Preserve (BELA),Bering Land Bridge National Preserve,BELA,Alaska,National Preserve
Beringia International Heritage Park  (BERI),Beringia International Heritage Park,BERI,,
Big Bend National Park (BIBE),Big Bend National Park,BIBE,Intermountain,National Park
Big Cypress National Preserve (BICY),Big Cypress National Preserve,BICY,Southeast,National Preserve
Big Hole National Battlefield (BIHO),Big Hole National Battlefield,BIHO,Pacific West,National Battlefield
Big South Fork National River and Recreation Area (BISO),Big South Fork National River and Recreation Area,BISO,Southeast,National River
Big Thicket National Preserve (BITH),Big Thicket National Preserve,BITH,Intermountain,National Preserve
Bighorn Canyon National Recreation Area (BICA),Bighorn Canyon National Recreation Area,BICA,Intermountain,National Recreation Area
Biological Resource Division (BRD),Biological Resource Division,BRD,,
Birmingham Civil Rights National Monument (BICR),Birmingham Civil Rights National Monument,BICR,,
Biscayne National Park (BISC),Biscayne National Park,BISC,Southeast,National Park
Black Canyon of the Gunnison National Park (BLCA),Black Canyon of the Gunnison National Park,BLCA,Intermountain,National Park
Blackstone River Valley National Heritage Corridor  (BLAC),Blackstone River Valley National Heritage Corridor,BLAC,,
Blackstone River Valley National Historical Park (BLRV),Blackstone River Valley National Historical Park,BLRV,,
Blue Ridge Parkway (BLRI),Blue Ridge Parkway,BLRI,Southeast,National Parkway
Bluestone National Scenic River (BLUE),Bluestone National Scenic River,BLUE,Northeast,National Wild & Scenic River
Booker T. Washington National Monument (BOWA),Booker T. Washington National Monument,BOWA,Northeast,National Monument
Boston African American National Historic Site (BOAF),Boston African American National Historic Site,BOAF,Northeast,National Historic Site
Boston Harbor Islands National Recreation Area (BOHA),Boston Harbor Islands National Recreation Area,BOHA,,
Boston National Historical Park (BOST),Boston National Historical Park,BOST,Northeast,National Historical Park
Boston Support Office  (BOSO),Boston Support Office,BOSO,,
Brices Cross Roads National Battlefield Site (BRCR),Brices Cross Roads National Battlefield Site,BRCR,,
Brown v. Board of Education National Historic Site (BRVB),Brown v. Board of Education National Historic Site,BRVB,Midwest,National Historic Site
Bryce Canyon National Park (BRCA),Bryce Canyon National Park,BRCA,Intermountain,National Park
Buck Island Reef National Monument (BUIS),Buck Island Reef National Monument,BUIS,Southeast,National Monument
Buffalo National River (BUFF),Buffalo National River,BUFF,Midwest,National River
Cabrillo National Monument (CABR),Cabrillo National Monument,CABR,Pacific West,National Monument
Cache La Poudre River Corridor National Heritage Area (CALA),Cache La Poudre River Corridor National Heritage Area,CALA,,
California FWS Landscape Conservation Cooperative  (FCAL),California FWS Landscape Conservation Cooperative,FCAL,,
California National Historic Trail  (CALI),California National Historic Trail,CALI,,
Canaveral National Seashore (CANA),Canaveral National Seashore,CANA,Southeast,National Seashore
Cane River Creole National Historical Park (CARI),Cane River Creole National Historical Park,CARI,Southeast,National Historical Park
Cane River National Heritage Area  (CRHA),Cane River National Heritage Area,CRHA,,
Canyon De Chelly National Monument (CACH),Canyon De Chelly National Monument,CACH,Intermountain,National Monument
Canyonlands National Park (CANY),Canyonlands National Park,CANY,Intermountain,National Park
Cape Cod National Seashore (CACO),Cape Cod National Seashore,CACO,Northeast,National Seashore
Cape Hatteras National Seashore (CAHA),Cape Hatteras National Seashore,CAHA,Southeast,National Seashore
Cape Henry National Memorial (CAME),Cape Henry National Memorial,CAME,,
Cape Krusenstern National Monument (CAKR),Cape Krusenstern National Monument,CAKR,Alaska,National Monument
Cape Lookout National Seashore (CALO),Cape Lookout National Seashore,CALO,Southeast,National Seashore
Capital Training Center  (CATC),Capital Training Center,CATC,,
Capitol Hill Parks  (CAHE),Capitol Hill Parks,CAHE,,
Capitol Reef National Park (CARE),Capitol Reef National Park,CARE,Intermountain,National Park
Captain John Smith Chesapeake National Historic Trail (CAJO),Captain John Smith Chesapeake National Historic Trail,CAJO,,
Capulin Volcano National Monument (CAVO),Capulin Volcano National Monument,CAVO,Intermountain,National Monument
Caribbean FWS Landscape Conservation Cooperative (FCAR),Caribbean FWS Landscape Conservation Cooperative,FCAR,,
Carl Sandburg Home National Historic Site (CARL),Carl Sandburg Home National Historic Site,CARL,Southeast,National Historic Site
Carlsbad Caverns National Park (CAVE),Carlsbad Caverns National Park,CAVE,Intermountain,National Park
Carter G. Woodson Home National Historic Site (CAWO),Carter G. Woodson Home National Historic Site,CAWO,,
Casa Grande Ruins National Monument (CAGR),Casa Grande Ruins National Monument,CAGR,Intermountain,National Monument
Castillo De San Marcos National Monument (CASA),Castillo De San Marcos National Monument,CASA,Southeast,National Monument
Castle Clinton National Monument (CACL),Castle Clinton National Monument,CACL,Northeast,National Monument
Castle Mountains National Monument (CAMO),Castle Mountains National Monument,CAMO,,
Catoctin Mountain Park (CATO),Catoctin Mountain Park,CATO,National Capital,Park (Other)
Cedar Breaks National Monument (CEBR),Cedar Breaks National Monument,CEBR,Intermountain,National Monument
Cedar Creek and Belle Grove National Historical Park (CEBE),Cedar Creek and Belle Grove National Historical Park,CEBE,,
Center for Urban Ecology  (CUEC),Center for Urban Ecology,CUEC,,
Central Alaska Network  (CAKN),Central Alaska Network,CAKN,,
Central High School National Historic Site (CHSC),Central High School National Historic Site,CHSC,Midwest,National Historic Site
Cesar E. Chavez National Monument (CECH),Cesar E. Chavez National Monument,CECH,,
Chaco Culture National Historical Park (CHCU),Chaco Culture National Historical Park,CHCU,Intermountain,National Historical Park
Chamizal National Memorial (CHAM),Chamizal National Memorial,CHAM,Intermountain,National Memorial
Channel Islands National Park (CHIS),Channel Islands National Park,CHIS,Pacific West,National Park
Charles Pinckney National Historic Site (CHPI),Charles Pinckney National Historic Site,CHPI,Southeast,National Historic Site
Charles Young Buffalo Soldiers National Monument (CHYO),Charles Young Buffalo Soldiers National Monument,CHYO,,
Chattahoochee River National Recreation Area (CHAT),Chattahoochee River National Recreation Area,CHAT,Southeast,National Recreation Area
Chesapeake Bay Gateways  (CBPO),Chesapeake Bay Gateways,CBPO,,
Chesapeake and Ohio Canal National Historical Park (CHOH),Chesapeake and Ohio Canal National Historical Park,CHOH,National Capital,National Historical Park
Chicago Portage National Historic Site  (CHPO),Chicago Portage National Historic Site,CHPO,,
Chickamauga and Chattanooga National Military Park (CHCH),Chickamauga and Chattanooga National Military Park,CHCH,Southeast,National Military Park
Chickasaw National Recreation Area (CHIC),Chickasaw National Recreation Area,CHIC,Intermountain,National Recreation Area
Chihuahuan Desert Network  (CHDN),Chihuahuan Desert Network,CHDN,,
Chimney Rock National Historic Site  (CHRO),Chimney Rock National Historic Site,CHRO,,
Chiricahua National Monument (CHIR),Chiricahua National Monument,CHIR,Intermountain,National Monument
Christiansted National Historic Site (CHRI),Christiansted National Historic Site,CHRI,Southeast,National Historic Site
City Of Rocks National Reserve (CIRO),City Of Rocks National Reserve,CIRO,Pacific West,National Reserve
Clara Barton National Historic Site (CLBA),Clara Barton National Historic Site,CLBA,National Capital,National Historic Site
Claude Moore Colonial Farm  (CLMO),Claude Moore Colonial Farm,CLMO,,
Climate Change Response Program (CCRP),Climate Change Response Program,CCRP,,
Climate Inventory (CLI),Climate Inventory,CLI,,
Colonial National Historical Park (COLO),Colonial National Historical Park,COLO,Northeast,National Historical Park
Colonial Parkway (COLP),Colonial Parkway,COLP,,
Colorado National Monument (COLM),Colorado National Monument,COLM,Intermountain,National Monument
Coltsville National Historical Park (COLT),Coltsville National Historical Park,COLT,,
Columbia Cascades Support Office  (CCSO),Columbia Cascades Support Office,CCSO,,
Concessions Program Center  (CPC),Concessions Program Center,CPC,,
Congaree National Park (CONG),Congaree National Park,CONG,Southeast,National Park
Conservation Assistance Group Office  (COAG),Conservation Assistance Group Office,COAG,,
Constitution Gardens  (COGA),Constitution Gardens,COGA,,
Coronado National Memorial (CORO),Coronado National Memorial,CORO,Intermountain,National Memorial
Cowpens National Battlefield (COWP),Cowpens National Battlefield,COWP,Southeast,National Battlefield
Crater Lake National Park (CRLA),Crater Lake National Park,CRLA,Pacific West,National Park
Craters of the Moon National Monument and Preserve (CRMO),Craters of the Moon National Monument and Preserve,CRMO,Pacific West,National Monument
Crown of the Continent Ecosystem  (CRCO),Crown of the Continent Ecosystem,CRCO,,
Cultural Resources (CRSS),Cultural Resources,CRSS,,
Cultural Resources - History (HIST),Cultural Resources - History,HIST,,
Cumberland Gap National Historical Park (CUGA),Cumberland Gap National Historical Park,CUGA,Southeast,National Historical Park
Cumberland Island National Seashore (CUIS),Cumberland Island National Seashore,CUIS,Southeast,National Seashore
Cumberland Piedmont Network  (CUPN),Cumberland Piedmont Network,CUPN,,
Curecanti National Recreation Area (CURE),Curecanti National Recreation Area,CURE,Intermountain,National Recreation Area
Cuyahoga Valley National Park (CUVA),Cuyahoga Valley National Park,CUVA,Midwest,National Park
David Berger National Memorial  (DABE),David Berger National Memorial,DABE,,
Dayton Aviation Heritage National Historical Park (DAAV),Dayton Aviation Heritage National Historical Park,DAAV,Midwest,National Historical Park
DeSoto National Memorial (DESO),DeSoto National Memorial,DESO,Southeast,National Memorial
Death Valley National Park (DEVA),Death Valley National Park,DEVA,Pacific West,National Park
Delaware National Scenic River (DELA),Delaware National Scenic River,DELA,,
Delaware Water Gap National Recreation Area (DEWA),Delaware Water Gap National Recreation Area,DEWA,Northeast,National Recreation Area
Delaware and Lehigh Navigation Canal National Heritage Corridor  (DELE),Delaware and Lehigh Navigation Canal National Heritage Corridor,DELE,,
Denali National Park and Preserve  (DENA),Denali National Park and Preserve,DENA,Alaska,National Park
Denver Service Center  (DSC),Denver Service Center,DSC,,
Denver Support Office  (IMDE),Denver Support Office,IMDE,,
Desert FWS Landscape Conservation Cooperative (FDES),Desert FWS Landscape Conservation Cooperative,FDES,,
Development and New Initiatives Branch (DNIB),Development and New Initiatives Branch,DNIB,,
Devils Postpile National Monument (DEPO),Devils Postpile National Monument,DEPO,Pacific West,National Monument
Devils Tower National Monument (DETO),Devils Tower National Monument,DETO,Intermountain,National Monument
Dinosaur National Monument (DINO),Dinosaur National Monument,DINO,Intermountain,National Monument
Dry Tortugas National Park (DRTO),Dry Tortugas National Park,DRTO,Southeast,National Park
Dwight D. Eisenhower National Memorial (DWEI),Dwight D. Eisenhower National Memorial,DWEI,,
East Potomac Park  (EAPO),East Potomac Park,EAPO,,
Eastern Rivers and Mountains Network  (ERMN),Eastern Rivers and Mountains Network,ERMN,,
Eastern Tallgrass Prairie and Big Rivers FWS Landscape Conservation Cooperative  (FETP),Eastern Tallgrass Prairie and Big Rivers FWS Landscape Conservation Cooperative,FETP,,
Ebey\u0027s Landing National Historical Reserve (EBLA),Ebey\u0027s Landing National Historical Reserve,EBLA,,
Edgar Allan Poe National Historic Site (EDAL),Edgar Allan Poe National Historic Site,EDAL,Northeast,National Historic Site
Effigy Mounds National Monument (EFMO),Effigy Mounds National Monument,EFMO,Midwest,National Monument
Eisenhower National Historic Site (EISE),Eisenhower National Historic Site,EISE,Northeast,National Historic Site
El Camino Real de Tierra Adentro National Historic Trail  (ELCA),El Camino Real de Tierra Adentro National Historic Trail,ELCA,,
El Camino Real de los Tejas National Historic Trail  (ELTE),El Camino Real de los Tejas National Historic Trail,ELTE,,
El Malpais National Monument (ELMA),El Malpais National Monument,ELMA,Intermountain,National Monument
El Morro National Monument (ELMO),El Morro National Monument,ELMO,Intermountain,National Monument
Eleanor Roosevelt National Historic Site (ELRO),Eleanor Roosevelt National Historic Site,ELRO,Northeast,National Historic Site
Ellis Island National Monument (ELIS),Ellis Island National Monument,ELIS,,
Energy and Minerals Branch (EMB),Energy and Minerals Branch,EMB,,
Environmental Planning and Compliance Branch (EPCB),Environmental Planning and Compliance Branch,EPCB,,
Environmental Quality Division (EQD),Environmental Quality Division,EQD,,
Environmental Quality Resource Protection Branch (ERPB),Environmental Quality Resource Protection Branch,ERPB,,
Erie Canalway National Heritage Corridor  (ERIE),Erie Canalway National Heritage Corridor,ERIE,,
Essex National Heritage Area (ESSE),Essex National Heritage Area,ESSE,,
Eugene O\u0027Neill National Historic Site (EUON),Eugene O\u0027Neill National Historic Site,EUON,Pacific West,National Historic Site
Everglades National Park (EVER),Everglades National Park,EVER,Southeast,National Park
Fairbanks Interagency Visitor Center  (FIVC),Fairbanks Interagency Visitor Center,FIVC,,
Fallen Timbers Battlefield  (FATI),Fallen Timbers Battlefield,FATI,,
Farmington National Wild And Scenic River (FARM),Farmington National Wild And Scenic River,FARM,,
Father Marquette National Memorial  (FAMA),Father Marquette National Memorial,FAMA,,
Federal Hall National Memorial (FEHA),Federal Hall National Memorial,FEHA,Northeast,National Memorial
Federal Law Enforcement Training Center  (OFIE),Federal Law Enforcement Training Center,OFIE,,
Fire Ecology Program (FIEC),Fire Ecology Program,FIEC,,
Fire Island National Seashore (FIIS),Fire Island National Seashore,FIIS,Northeast,National Seashore
Fire Management Planning Program (FMPL),Fire Management Planning Program,FMPL,,
Fire Management Program Center  (FIRE),Fire Management Program Center,FIRE,,
First Ladies National Historic Site (FILA),First Ladies National Historic Site,FILA,Midwest,National Historic Site
First State National Historical Park (FRST),First State National Historical Park,FRST,,
Flight 93 National Memorial (FLNI),Flight 93 National Memorial,FLNI,Northeast,National Memorial
Florissant Fossil Beds National Monument (FLFO),Florissant Fossil Beds National Monument,FLFO,Intermountain,National Monument
Ford\u0027s Theatre National Historic Site (FOTH),Ford\u0027s Theatre National Historic Site,FOTH,National Capital,National Historic Site
Fort Bowie National Historic Site (FOBO),Fort Bowie National Historic Site,FOBO,Intermountain,National Historic Site
Fort Caroline National Memorial (FOCA),Fort Caroline National Memorial,FOCA,Southeast,National Memorial
Fort Circle Parks  (FOCI),Fort Circle Parks,FOCI,,
Fort Davis National Historic Site (FODA),Fort Davis National Historic Site,FODA,Intermountain,National Historic Site
Fort Donelson National Battlefield (FODO),Fort Donelson National Battlefield,FODO,Southeast,National Battlefield
Fort Donelson National Cemetery (FDNC),Fort Donelson National Cemetery,FDNC,,
Fort Dupont Park  (FODU),Fort Dupont Park,FODU,,
Fort Foote Park  (FOFO),Fort Foote Park,FOFO,,
Fort Frederica National Monument (FOFR),Fort Frederica National Monument,FOFR,Southeast,National Monument
Fort Laramie National Historic Site (FOLA),Fort Laramie National Historic Site,FOLA,Intermountain,National Historic Site
Fort Larned National Historic Site (FOLS),Fort Larned National Historic Site,FOLS,Midwest,National Historic Site
Fort Matanzas National Monument (FOMA),Fort Matanzas National Monument,FOMA,Southeast,National Monument
Fort McHenry National Monument and Historic Shrine (FOMC),Fort McHenry National Monument and Historic Shrine,FOMC,Northeast,National Monument
Fort Monroe National Monument (FOMR),Fort Monroe National Monument,FOMR,,
Fort Moultrie National Monument (FOMO),Fort Moultrie National Monument,FOMO,,
Fort Necessity National Battlefield (FONE),Fort Necessity National Battlefield,FONE,Northeast,National Battlefield
Fort Point National Historic Site (FOPO),Fort Point National Historic Site,FOPO,Pacific West,National Historic Site
Fort Pulaski National Monument (FOPU),Fort Pulaski National Monument,FOPU,Southeast,National Monument
Fort Raleigh National Historic Site (FORA),Fort Raleigh National Historic Site,FORA,Southeast,National Historic Site
Fort Scott National Historic Site (FOSC),Fort Scott National Historic Site,FOSC,Midwest,National Historic Site
Fort Smith National Historic Site (FOSM),Fort Smith National Historic Site,FOSM,Midwest,National Historic Site
Fort Stanwix National Monument (FOST),Fort Stanwix National Monument,FOST,Northeast,National Monument
Fort Sumter National Monument (FOSU),Fort Sumter National Monument,FOSU,Southeast,National Monument
Fort Union National Monument (FOUN),Fort Union National Monument,FOUN,Intermountain,National Monument
Fort Union Trading Post National Historic Site (FOUS),Fort Union Trading Post National Historic Site,FOUS,Midwest,National Historic Site
Fort Vancouver National Historic Site (FOVA),Fort Vancouver National Historic Site,FOVA,Pacific West,National Historic Site
Fort Washington Park (FOWA),Fort Washington Park,FOWA,National Capital,Park (Other)
Fossil Butte National Monument (FOBU),Fossil Butte National Monument,FOBU,Intermountain,National Monument
Francis Scott Key National Memorial (FRSC),Francis Scott Key National Memorial,FRSC,,
Franklin Delano Roosevelt National Memorial (FRDE),Franklin Delano Roosevelt National Memorial,FRDE,National Capital,National Memorial
Frederick Douglass National Historic Site (FRDO),Frederick Douglass National Historic Site,FRDO,National Capital,National Historic Site
Frederick Law Olmsted National Historic Site (FRLA),Frederick Law Olmsted National Historic Site,FRLA,Northeast,National Historic Site
Fredericksburg National Cemetery (FRED),Fredericksburg National Cemetery,FRED,,
Fredericksburg and Spotsylvania County Battlefields Memorial National Military Park (FRSP),Fredericksburg and Spotsylvania County Battlefields Memorial National Military Park,FRSP,Northeast,National Military Park
Freedom Riders National Monument (FRRI),Freedom Riders National Monument,FRRI,,
Friendship Hill National Historic Site (FRHI),Friendship Hill National Historic Site,FRHI,Northeast,National Historic Site
GIS Division  (GISD),GIS Division,GISD,,
Gates of the Arctic National Park and Preserve  (GAAR),Gates of the Arctic National Park and Preserve,GAAR,Alaska,National Park
Gateway National Recreation Area (GATE),Gateway National Recreation Area,GATE,Northeast,National Recreation Area
Gauley River National Recreation Area (GARI),Gauley River National Recreation Area,GARI,Northeast,National Recreation Area
General Grant National Memorial (GEGR),General Grant National Memorial,GEGR,Northeast,National Memorial
Geologic Features and Systems Branch (GSRB),Geologic Features and Systems Branch,GSRB,,
Geologic Resources Division  (GRD),Geologic Resources Division,GRD,,
Geologic Resources Inventory (GRI),Geologic Resources Inventory,GRI,,
George Mason Memorial  (GEMM),George Mason Memorial,GEMM,,
George Rogers Clark National Historical Park (GERO),George Rogers Clark National Historical Park,GERO,Midwest,National Historical Park
George Washington Birthplace National Monument (GEWA),George Washington Birthplace National Monument,GEWA,Northeast,National Monument
George Washington Carver National Monument (GWCA),George Washington Carver National Monument,GWCA,Midwest,National Monument
George Washington Memorial Parkway (GWMP),George Washington Memorial Parkway,GWMP,National Capital,National Parkway
Gettysburg National Cemetery (GETC),Gettysburg National Cemetery,GETC,,
Gettysburg National Military Park (GETT),Gettysburg National Military Park,GETT,Northeast,National Military Park
Gila Cliff Dwellings National Monument (GICL),Gila Cliff Dwellings National Monument,GICL,Intermountain,National Monument
Glacier Bay National Park and Preserve  (GLBA),Glacier Bay National Park and Preserve,GLBA,Alaska,National Park
Glacier National Park (GLAC),Glacier National Park,GLAC,Intermountain,National Park
Glen Canyon National Recreation Area (GLCA),Glen Canyon National Recreation Area,GLCA,Intermountain,National Recreation Area
Glen Echo Park  (GLEC),Glen Echo Park,GLEC,,
Glorieta National Battlefield (GLOR),Glorieta National Battlefield,GLOR,,
Golden Gate National Recreation Area (GOGA),Golden Gate National Recreation Area,GOGA,Pacific West,National Recreation Area
Golden Spike National Historic Site (GOSP),Golden Spike National Historic Site,GOSP,Intermountain,National Historic Site
Governors Island National Monument (GOIS),Governors Island National Monument,GOIS,Northeast,National Monument
Grand Canyon National Park (GRCA),Grand Canyon National Park,GRCA,Intermountain,National Park
Grand Portage National Monument (GRPO),Grand Portage National Monument,GRPO,Midwest,National Monument
Grand Teton National Park (GRTE),Grand Teton National Park,GRTE,Intermountain,National Park
Grant-Kohrs Ranch National Historic Site (GRKO),Grant-Kohrs Ranch National Historic Site,GRKO,Intermountain,National Historic Site
Great Basin FWS Landscape Conservation Cooperative  (FGBA),Great Basin FWS Landscape Conservation Cooperative,FGBA,,
Great Basin National Park (GRBA),Great Basin National Park,GRBA,Pacific West,National Park
Great Egg Harbor National Scenic and Recreational River (GREG),Great Egg Harbor National Scenic and Recreational River,GREG,,
Great Falls Park  (GRFA),Great Falls Park,GRFA,,
Great Lakes Network  (GLKN),Great Lakes Network,GLKN,,
Great Northern FWS Landscape Conservation Cooperative  (FGNO),Great Northern FWS Landscape Conservation Cooperative,FGNO,,
Great Onyx Job Corps Civ Cons Center  (GRON),Great Onyx Job Corps Civ Cons Center,GRON,,
Great Plains FWS Landscape Conservation Cooperative  (FGPL),Great Plains FWS Landscape Conservation Cooperative,FGPL,,
Great Sand Dunes National Park and Preserve  (GRSA),Great Sand Dunes National Park and Preserve,GRSA,Intermountain,National Park
Great Smoky Mountains National Park (GRSM),Great Smoky Mountains National Park,GRSM,Southeast,National Park
Greater Yellowstone Network  (GRYN),Greater Yellowstone Network,GRYN,,
Green Springs National Historic Landmark District  (GRSP),Green Springs National Historic Landmark District,GRSP,,
Greenbelt Park (GREE),Greenbelt Park,GREE,National Capital,Park (Other)
Guadalupe Mountains National Park (GUMO),Guadalupe Mountains National Park,GUMO,Intermountain,National Park
Guilford Courthouse National Military Park (GUCO),Guilford Courthouse National Military Park,GUCO,Southeast,National Military Park
Gulf Coast Network  (GULN),Gulf Coast Network,GULN,,
Gulf Coast Prairie FWS Landscape Conservation Cooperative  (FGUP),Gulf Coast Prairie FWS Landscape Conservation Cooperative,FGUP,,
Gulf Coastal Plains and Ozarks FWS Landscape Conservation Cooperative (FGCP),Gulf Coastal Plains and Ozarks FWS Landscape Conservation Cooperative,FGCP,,
Gulf Islands National Seashore (GUIS),Gulf Islands National Seashore,GUIS,Southeast,National Seashore
Hagerman Fossil Beds National Monument (HAFO),Hagerman Fossil Beds National Monument,HAFO,Pacific West,National Monument
Haleakala National Park (HALE),Haleakala National Park,HALE,Pacific West,National Park
Hamilton Grange National Memorial (HAGR),Hamilton Grange National Memorial,HAGR,Northeast,National Memorial
Hampton National Historic Site (HAMP),Hampton National Historic Site,HAMP,Northeast,National Historic Site
Harmony Hall  (HAHA),Harmony Hall,HAHA,,
Harpers Ferry Center  (HFC),Harpers Ferry Center,HFC,,
Harpers Ferry Job Corps Civ Cons Ctr  (HFJC),Harpers Ferry Job Corps Civ Cons Ctr,HFJC,,
Harpers Ferry National Historical Park (HAFE),Harpers Ferry National Historical Park,HAFE,National Capital,National Historical Park
Harriet Tubman National Historical Park (HART),Harriet Tubman National Historical Park,HART,,
Harriet Tubman Underground Railroad National Historical Park (HATU),Harriet Tubman Underground Railroad National Historical Park,HATU,,
Harry S. Truman National Historic Site (HSTR),Harry S. Truman National Historic Site,HSTR,Midwest,National Historic Site
Hawaii Volcanoes National Park (HAVO),Hawaii Volcanoes National Park,HAVO,Pacific West,National Park
Heartland Network  (HTLN),Heartland Network,HTLN,,
Herbert Hoover National Historic Site (HEHO),Herbert Hoover National Historic Site,HEHO,Midwest,National Historic Site
Historic Camden Revolutionary War Site  (HICA),Historic Camden Revolutionary War Site,HICA,,
Historic Preservation Fund (HPF),Historic Preservation Fund,HPF,,
Historic Preservation Training Center  (HPTC),Historic Preservation Training Center,HPTC,,
Hohokam Pima National Monument (PIMA),Hohokam Pima National Monument,PIMA,,
Home of Franklin D. Roosevelt National Historic Site (HOFR),Home of Franklin D. Roosevelt National Historic Site,HOFR,Northeast,National Historic Site
Homestead National Monument of America (HOME),Homestead National Monument of America,HOME,Midwest,National Monument
Honouliuli National Monument (HONO),Honouliuli National Monument,HONO,,
Hopewell Culture National Historical Park (HOCU),Hopewell Culture National Historical Park,HOCU,Midwest,National Historical Park
Hopewell Furnace National Historic Site (HOFU),Hopewell Furnace National Historic Site,HOFU,Northeast,National Historic Site
Horace M. Albright Training Center  (HOAL),Horace M. Albright Training Center,HOAL,,
Horseshoe Bend National Military Park (HOBE),Horseshoe Bend National Military Park,HOBE,Southeast,National Military Park
Hot Springs National Park (HOSP),Hot Springs National Park,HOSP,Midwest,National Park
Hovenweep National Monument (HOVE),Hovenweep National Monument,HOVE,Intermountain,National Monument
Hubbell Trading Post National Historic Site (HUTR),Hubbell Trading Post National Historic Site,HUTR,Intermountain,National Historic Site
Human Dimensions Branch (HDB),Human Dimensions Branch,HDB,,
Ice Age National Scenic Trail  (IATR),Ice Age National Scenic Trail,IATR,,
Ice Age National Scientific Reserve  (ICAG),Ice Age National Scientific Reserve,ICAG,,
Illinois and Michigan Canal National Heritage Corridor  (ILMI),Illinois and Michigan Canal National Heritage Corridor,ILMI,,
Independence National Historical Park (INDE),Independence National Historical Park,INDE,Northeast,National Historical Park
Indiana Dunes National Lakeshore (INDU),Indiana Dunes National Lakeshore,INDU,Midwest,National Lakeshore
Information Telecommunications Center  (ITC),Information Telecommunications Center,ITC,,
Intermountain Region  (IMR),Intermountain Region,IMR,,
Intermountain Region Office  (IMRO),Intermountain Region Office,IMRO,,
Intermountain Spanish Colonial Res. Center  (SPCO),Intermountain Spanish Colonial Res. Center,SPCO,,
International Peace Garden  (INPE),International Peace Garden,INPE,,
Inupiat Heritage Center  (INUP),Inupiat Heritage Center,INUP,,
Inventory and Monitoring Division  (IMD),Inventory and Monitoring Division,IMD,,
Inventory and Monitoring Division Protocol (IMDP),Inventory and Monitoring Division Protocol,IMDP,,
Isle Royale National Park (ISRO),Isle Royale National Park,ISRO,Midwest,National Park
James A. Garfield National Historic Site (JAGA),James A. Garfield National Historic Site,JAGA,Midwest,National Historic Site
Jamestown National Historic Site  (JAME),Jamestown National Historic Site,JAME,,
Jean Lafitte National Historical Park and Preserve (JELA),Jean Lafitte National Historical Park and Preserve,JELA,Southeast,National Historical Park
Jefferson National Expansion Memorial (JEFF),Jefferson National Expansion Memorial,JEFF,Midwest,National Memorial
Jewel Cave National Monument (JECA),Jewel Cave National Monument,JECA,Midwest,National Monument
Jimmy Carter National Historic Site (JICA),Jimmy Carter National Historic Site,JICA,Southeast,National Historic Site
John D. Rockefeller Jr. Memorial Parkway (JODR),John D. Rockefeller Jr. Memorial Parkway,JODR,Intermountain,National Parkway
John Day Fossil Beds National Monument (JODA),John Day Fossil Beds National Monument,JODA,Pacific West,National Monument
John Ericsson National Memorial (JOER),John Ericsson National Memorial,JOER,,
John F. Kennedy Center for the Performing Arts  (JOFK),John F. Kennedy Center for the Performing Arts,JOFK,,
John Fitzgerald  Kennedy National Historic Site (JOFI),John Fitzgerald  Kennedy National Historic Site,JOFI,Northeast,National Historic Site
John Muir National Historic Site (JOMU),John Muir National Historic Site,JOMU,Pacific West,National Historic Site
Johnstown Flood National Memorial (JOFL),Johnstown Flood National Memorial,JOFL,Northeast,National Memorial
Joshua Tree National Park (JOTR),Joshua Tree National Park,JOTR,Pacific West,National Park
Juan Bautista De Anza National Historic Trail  (JUBA),Juan Bautista De Anza National Historic Trail,JUBA,,
Kalaupapa National Historical Park (KALA),Kalaupapa National Historical Park,KALA,Pacific West,National Historical Park
Kaloko-Honokohau National Historical Park (KAHO),Kaloko-Honokohau National Historical Park,KAHO,Pacific West,National Historical Park
Katahdin Woods and Waters National Monument (KAWW),Katahdin Woods and Waters National Monument,KAWW,,
Katmai National Park and Preserve  (KATM),Katmai National Park and Preserve,KATM,Alaska,National Park
Kenai Fjords National Park (KEFJ),Kenai Fjords National Park,KEFJ,Alaska,National Park
Kenilworth Park and Aquatic Gardens  (KEPA),Kenilworth Park and Aquatic Gardens,KEPA,,
Kennesaw Mountain National Battlefield Park (KEMO),Kennesaw Mountain National Battlefield Park,KEMO,Southeast,National Battlefield Park
Keweenaw National Historical Park (KEWE),Keweenaw National Historical Park,KEWE,,
Kings Canyon National Park (KICA),Kings Canyon National Park,KICA,Pacific West,National Park
Kings Mountain National Military Park (KIMO),Kings Mountain National Military Park,KIMO,Southeast,National Military Park
Klamath Network  (KLMN),Klamath Network,KLMN,,
Klondike Gold Rush - Seattle Unit National Historical Park (KLSE),Klondike Gold Rush - Seattle Unit National Historical Park,KLSE,Pacific West,National Historical Park
Klondike Gold Rush National Historical Park (KLGO),Klondike Gold Rush National Historical Park,KLGO,Alaska,National Historical Park
Knife River Indian Villages National Historic Site (KNRI),Knife River Indian Villages National Historic Site,KNRI,Midwest,National Historic Site
Kobuk Valley National Park (KOVA),Kobuk Valley National Park,KOVA,Alaska,National Park
Korean War Veterans National Memorial (KOWA),Korean War Veterans National Memorial,KOWA,National Capital,National Memorial
Lake Chelan National Recreation Area (LACH),Lake Chelan National Recreation Area,LACH,Pacific West,National Recreation Area
Lake Clark Katmai Studies Center  (LAKA),Lake Clark Katmai Studies Center,LAKA,,
Lake Clark National Park and Preserve  (LACL),Lake Clark National Park and Preserve,LACL,Alaska,National Park
Lake Mead National Recreation Area (LAKE),Lake Mead National Recreation Area,LAKE,Pacific West,National Recreation Area
Lake Meredith National Recreation Area (LAMR),Lake Meredith National Recreation Area,LAMR,Intermountain,National Recreation Area
Lake Roosevelt National Recreation Area (LARO),Lake Roosevelt National Recreation Area,LARO,Pacific West,National Recreation Area
Lamprey Wild and Scenic River  (LAMP),Lamprey Wild and Scenic River,LAMP,,
Land Acquisition Field Office  (LAFO),Land Acquisition Field Office,LAFO,,
"Landscapes, Restoration and Adaptation Branch (LRAB)","Landscapes, Restoration and Adaptation Branch",LRAB,,
Lassen Volcanic National Park (LAVO),Lassen Volcanic National Park,LAVO,Pacific West,National Park
Lava Beds National Monument (LABE),Lava Beds National Monument,LABE,Pacific West,National Monument
Lewis and Clark National Historic Trail  (LECL),Lewis and Clark National Historic Trail,LECL,,
Lewis and Clark National Historical Park (LEWI),Lewis and Clark National Historical Park,LEWI,Pacific West,National Historical Park
Lincoln Boyhood National Memorial (LIBO),Lincoln Boyhood National Memorial,LIBO,Midwest,National Memorial
Lincoln Home National Historic Site (LIHO),Lincoln Home National Historic Site,LIHO,Midwest,National Historic Site
Lincoln Memorial (LINC),Lincoln Memorial,LINC,National Capital,National Memorial
Little Bighorn Battlefield National Monument (LIBI),Little Bighorn Battlefield National Monument,LIBI,Intermountain,National Monument
Little River Canyon National Preserve (LIRI),Little River Canyon National Preserve,LIRI,Southeast,National Preserve
Longfellow House - Washington\u0027s Headquarters National Historic Site (LONG),Longfellow House - Washington\u0027s Headquarters National Historic Site,LONG,Northeast,National Historic Site
Lowell National Historical Park (LOWE),Lowell National Historical Park,LOWE,Northeast,National Historical Park
Lower East Side Tenement Museum National Historic Site (LOEA),Lower East Side Tenement Museum National Historic Site,LOEA,,
Lower Saint Croix National Scenic Riverway (LOSA),Lower Saint Croix National Scenic Riverway,LOSA,,
Lyndon B. Johnson National Historical Park (LYJO),Lyndon B. Johnson National Historical Park,LYJO,Intermountain,National Historical Park
Lyndon Baines Johnson Memorial Grove on the Potomac (LYBA),Lyndon Baines Johnson Memorial Grove on the Potomac,LYBA,National Capital,National Memorial
Maggie L. Walker National Historic Site (MAWA),Maggie L. Walker National Historic Site,MAWA,Northeast,National Historic Site
Maine Acadian Culture  (MAAC),Maine Acadian Culture,MAAC,,
Mammoth Cave National Park (MACA),Mammoth Cave National Park,MACA,Southeast,National Park
Manassas National Battlefield Park (MANA),Manassas National Battlefield Park,MANA,National Capital,National Battlefield Park
Manhattan Project National Historical Park (MAPR),Manhattan Project National Historical Park,MAPR,,
Manhattan Sites  (MASI),Manhattan Sites,MASI,,
Manzanar National Historic Site (MANZ),Manzanar National Historic Site,MANZ,Pacific West,National Historic Site
Mar-A-Lago National Historic Site (MAAL),Mar-A-Lago National Historic Site,MAAL,,
Marin Headlands Sites  (MAHE),Marin Headlands Sites,MAHE,,
Marsh-Billings-Rockefeller National Historical Park (MABI),Marsh-Billings-Rockefeller National Historical Park,MABI,Northeast,National Historical Park
"Martin Luther King, Jr National Historic Site (MALU)","Martin Luther King, Jr National Historic Site",MALU,Southeast,National Historic Site
"Martin Luther King, Jr. National Memorial (MLKM)","Martin Luther King, Jr. National Memorial",MLKM,National Capital,National Memorial
Martin Van Buren National Historic Site (MAVA),Martin Van Buren National Historic Site,MAVA,Northeast,National Historic Site
Mary McLeod Bethune Council House National Historic Site (MABE),Mary McLeod Bethune Council House National Historic Site,MABE,National Capital,National Historic Site
Maurice National Wild And Scenic River (MAUR),Maurice National Wild And Scenic River,MAUR,,
McLoughlin House National Historic Site  (MCHO),McLoughlin House National Historic Site,MCHO,,
Mediterranean Coast Network  (MEDN),Mediterranean Coast Network,MEDN,,
Meridian Hill Park  (MEHI),Meridian Hill Park,MEHI,,
Mesa Verde National Park (MEVE),Mesa Verde National Park,MEVE,Intermountain,National Park
Mid-Atlantic Network  (MIDN),Mid-Atlantic Network,MIDN,,
Midwest Archeological Center  (MWAC),Midwest Archeological Center,MWAC,,
Midwest Region  (MWR),Midwest Region,MWR,,
Midwest Region Office  (MWRO),Midwest Region Office,MWRO,,
Midwest Support Office  (MWSO),Midwest Support Office,MWSO,,
Mimbres Culture National Monument (MICU),Mimbres Culture National Monument,MICU,,
Minidoka Internment National Historic Site (MIIN),Minidoka Internment National Historic Site,MIIN,,
Minute Man National Historical Park (MIMA),Minute Man National Historical Park,MIMA,Northeast,National Historical Park
Minuteman Missile National Historic Site (MIMI),Minuteman Missile National Historic Site,MIMI,Midwest,National Historic Site
Mississippi National River and Recreation Areas (MISS),Mississippi National River and Recreation Areas,MISS,Midwest,National River
Mississippi River Corridor Study Comm.  (MRCC),Mississippi River Corridor Study Comm.,MRCC,,
Missouri National Recreational River (MNRR),Missouri National Recreational River,MNRR,Midwest,National Wild & Scenic River
Mojave Desert Network  (MOJN),Mojave Desert Network,MOJN,,
Mojave National Preserve (MOJA),Mojave National Preserve,MOJA,Pacific West,National Preserve
Monocacy National Battlefield (MONO),Monocacy National Battlefield,MONO,National Capital,National Battlefield
Montezuma Castle National Monument (MOCA),Montezuma Castle National Monument,MOCA,Intermountain,National Monument
Moores Creek National Battlefield (MOCR),Moores Creek National Battlefield,MOCR,Southeast,National Battlefield
Mormon Pioneer National Historic Trail  (MOPI),Mormon Pioneer National Historic Trail,MOPI,,
Morristown National Historical Park (MORR),Morristown National Historical Park,MORR,Northeast,National Historical Park
Mount Rainier National Park (MORA),Mount Rainier National Park,MORA,Pacific West,National Park
Mount Rushmore National Memorial (MORU),Mount Rushmore National Memorial,MORU,Midwest,National Memorial
Mt. Soledad National Memorial (MTSO),Mt. Soledad National Memorial,MTSO,,
Muir Woods National Monument (MUWO),Muir Woods National Monument,MUWO,Pacific West,National Monument
Museum Resource Center  (MCR),Museum Resource Center,MCR,,
NER Land Resources Project Center  (NELO),NER Land Resources Project Center,NELO,,
Natchez National Historical Park (NATC),Natchez National Historical Park,NATC,Southeast,National Historical Park
Natchez Trace National Scenic Trail (NATT),Natchez Trace National Scenic Trail,NATT,,
Natchez Trace Parkway (NATR),Natchez Trace Parkway,NATR,Southeast,National Parkway
National Capital Parks  (NACA),National Capital Parks,NACA,,
National Capital Parks-East  (NACE),National Capital Parks-East,NACE,,
National Capital Region  (NCR),National Capital Region,NCR,,
National Capital Region Network  (NCRN),National Capital Region Network,NCRN,,
National Capital Region Office  (NCRO),National Capital Region Office,NCRO,,
National Capital Support Office  (NCSO),National Capital Support Office,NCSO,,
National Center for Preservation Technology and Training  (NCPT),National Center for Preservation Technology and Training,NCPT,,
National Interagency Fire Center  (NIFC),National Interagency Fire Center,NIFC,,
National Law Enforcement Officers National Memorial (NLEM),National Law Enforcement Officers National Memorial,NLEM,,
National Mall  (MALL),National Mall,MALL,,
National Mall and Memorial Parks  (NAMA),National Mall and Memorial Parks,NAMA,,
National Natural Landmarks Program (NNL),National Natural Landmarks Program,NNL,,
National Park of American Samoa (NPSA),National Park of American Samoa,NPSA,Pacific West,National Park
National Parks of New York Harbor Management Unit  (NPNH),National Parks of New York Harbor Management Unit,NPNH,,
National Trails Intermountain Region  (NTIR),National Trails Intermountain Region,NTIR,,
Natural Bridges National Monument (NABR),Natural Bridges National Monument,NABR,Intermountain,National Monument
Natural Resource Bibliography Inventory (BIB),Natural Resource Bibliography Inventory,BIB,,
Natural Resource Information Division  (NRID),Natural Resource Information Division,NRID,,
Natural Resource Inventory and Monitoring Program  (NRIM),Natural Resource Inventory and Monitoring Program,NRIM,,
Natural Resource Stewardship and Science (NRSS),Natural Resource Stewardship and Science,NRSS,,
Natural Sounds Program (NSNS),Natural Sounds Program,NSNS,,
Navajo National Monument (NAVA),Navajo National Monument,NAVA,Intermountain,National Monument
New Bedford Whaling National Historical Park (NEBE),New Bedford Whaling National Historical Park,NEBE,Northeast,National Historical Park
New England National Scenic Trail (NEEN),New England National Scenic Trail,NEEN,,
New Jersey Coastal Heritage Trail Route  (NEJE),New Jersey Coastal Heritage Trail Route,NEJE,,
New Orleans Jazz National Historical Park (JAZZ),New Orleans Jazz National Historical Park,JAZZ,Southeast,National Historical Park
New River Gorge Land Acq. Field Office  (NRLO),New River Gorge Land Acq. Field Office,NRLO,,
New River Gorge National River (NERI),New River Gorge National River,NERI,Northeast,National River
Nez Perce National Historical Park (NEPE),Nez Perce National Historical Park,NEPE,Pacific West,National Historical Park
Nicodemus National Historic Site (NICO),Nicodemus National Historic Site,NICO,Midwest,National Historic Site
Night Sky Program (NSNN),Night Sky Program,NSNN,,
Ninety Six National Historic Site (NISI),Ninety Six National Historic Site,NISI,Southeast,National Historic Site
Niobrara National Scenic River (NIOB),Niobrara National Scenic River,NIOB,Midwest,National Wild & Scenic River
Niobrara and Missouri National Scenic and Recreational Rivers  (NIMI),Niobrara and Missouri National Scenic and Recreational Rivers,NIMI,,
Noatak National Preserve (NOAT),Noatak National Preserve,NOAT,Alaska,National Preserve
North Atlantic FWS Landscape Conservation Cooperative  (FNAT),North Atlantic FWS Landscape Conservation Cooperative,FNAT,,
North Cascades National Park (NOCA),North Cascades National Park,NOCA,Pacific West,National Park
North Cascades National Park Service Complex  (NCCO),North Cascades National Park Service Complex,NCCO,,
North Coast and Cascades Network  (NCCN),North Coast and Cascades Network,NCCN,,
North Country National Scenic Trail (NOCO),North Country National Scenic Trail,NOCO,,
North Pacific FWS Landscape Conservation Cooperative  (FNPA),North Pacific FWS Landscape Conservation Cooperative,FNPA,,
Northeast Coastal and Barrier Network  (NCBN),Northeast Coastal and Barrier Network,NCBN,,
Northeast Museum Services Center (NMSC),Northeast Museum Services Center,NMSC,,
Northeast Region  (NER),Northeast Region,NER,,
Northeast Region Office  (NERO),Northeast Region Office,NERO,,
Northeast Temperate Network  (NETN),Northeast Temperate Network,NETN,,
Northern Colorado Plateau Network  (NCPN),Northern Colorado Plateau Network,NCPN,,
Northern Great Plains Network  (NGPN),Northern Great Plains Network,NGPN,,
Northwestern Interior Forest FWS Landscape Conservation Cooperative  (FNIF),Northwestern Interior Forest FWS Landscape Conservation Cooperative,FNIF,,
Obed Wild and Scenic River (OBRI),Obed Wild and Scenic River,OBRI,Southeast,National Wild & Scenic River
Ocmulgee National Monument (OCMU),Ocmulgee National Monument,OCMU,Southeast,National Monument
Oconaluftee Job Corps Civ. Cons. Center  (OCJO),Oconaluftee Job Corps Civ. Cons. Center,OCJO,,
Office of Budget and Finance (OBF),Office of Budget and Finance,OBF,,
Office of Education and Outreach (OEO),Office of Education and Outreach,OEO,,
Office of Mexico and Latin Affairs  (OMLA),Office of Mexico and Latin Affairs,OMLA,,
Office of Operations and Program Support (OOPS),Office of Operations and Program Support,OOPS,,
Oklahoma City National Memorial  (OKCI),Oklahoma City National Memorial,OKCI,,
Old Post Office Tower  (OPOT),Old Post Office Tower,OPOT,,
Old Spanish National Historic Trail  (OLSP),Old Spanish National Historic Trail,OLSP,,
Olympic National Park (OLYM),Olympic National Park,OLYM,Pacific West,National Park
Oregon Caves National Monument (ORCA),Oregon Caves National Monument,ORCA,Pacific West,National Monument
Oregon National Historic Trail  (OREG),Oregon National Historic Trail,OREG,,
Organ Pipe Cactus National Monument (ORPI),Organ Pipe Cactus National Monument,ORPI,Intermountain,National Monument
Overmountain Victory National Historic Trail  (OVVI),Overmountain Victory National Historic Trail,OVVI,,
Oxon Cove Park and Oxon Hill Run  (OXHI),Oxon Cove Park and Oxon Hill Run,OXHI,,
Oxon Run National Parkway (OXRU),Oxon Run National Parkway,OXRU,,
Ozark National Scenic Riverways (OZAR),Ozark National Scenic Riverways,OZAR,Midwest,National River
Pacific Great Basin Support Office  (PGSO),Pacific Great Basin Support Office,PGSO,,
Pacific Islands FWS Landscape Conservation Cooperative  (FPIS),Pacific Islands FWS Landscape Conservation Cooperative,FPIS,,
Pacific Islands Network  (PACN),Pacific Islands Network,PACN,,
Pacific Islands Support Office  (PISO),Pacific Islands Support Office,PISO,,
Pacific West Region  (PWR),Pacific West Region,PWR,,
Pacific West Region Office  (PWRO),Pacific West Region Office,PWRO,,
Padre Island National Seashore (PAIS),Padre Island National Seashore,PAIS,Intermountain,National Seashore
Palo Alto Battlefield National Historical Park (PAAL),Palo Alto Battlefield National Historical Park,PAAL,Intermountain,National Historical Park
Parashant National Monument (PARA),Parashant National Monument,PARA,,
Paterson Great Falls National Historical Park (PAGR),Paterson Great Falls National Historical Park,PAGR,,
Pea Ridge National Military Park (PERI),Pea Ridge National Military Park,PERI,Midwest,National Military Park
Pecos National Historical Park (PECO),Pecos National Historical Park,PECO,Intermountain,National Historical Park
Peirce Mill Park  (PIMI),Peirce Mill Park,PIMI,,
Peninsular Florida FWS Landscape Conservation Cooperative  (FPFL),Peninsular Florida FWS Landscape Conservation Cooperative,FPFL,,
Pennsylvania Avenue National Historic Site (PAAV),Pennsylvania Avenue National Historic Site,PAAV,National Capital,National Historic Site
Perry\u0027s Victory and International Peace Memorial (PEVI),Perry\u0027s Victory and International Peace Memorial,PEVI,Midwest,National Memorial
Petersburg National Battlefield (PETE),Petersburg National Battlefield,PETE,Northeast,National Battlefield
Petrified Forest National Park (PEFO),Petrified Forest National Park,PEFO,Intermountain,National Park
Petroglyph National Monument (PETR),Petroglyph National Monument,PETR,Intermountain,National Monument
Philadelphia Support Office  (PHSO),Philadelphia Support Office,PHSO,,
Pictured Rocks National Lakeshore (PIRO),Pictured Rocks National Lakeshore,PIRO,Midwest,National Lakeshore
Pinelands National Reserve  (PINE),Pinelands National Reserve,PINE,,
Pinnacles National Park (PINN),Pinnacles National Park,PINN,Pacific West,National Park
Pipe Spring National Monument (PISP),Pipe Spring National Monument,PISP,Intermountain,National Monument
Pipestone National Monument (PIPE),Pipestone National Monument,PIPE,Midwest,National Monument
Piscataway Park (PISC),Piscataway Park,PISC,National Capital,Park (Other)
Plains and Prairie Potholes FWS Landscape Conservation Cooperative  (FPPP),Plains and Prairie Potholes FWS Landscape Conservation Cooperative,FPPP,,
Point Reyes National Seashore (PORE),Point Reyes National Seashore,PORE,Pacific West,National Seashore
Pony Express National Historic Trail  (POEX),Pony Express National Historic Trail,POEX,,
Poplar Grove National Cemetery  (POGR),Poplar Grove National Cemetery,POGR,,
Port Chicago Naval Magazine National Memorial  (POCH),Port Chicago Naval Magazine National Memorial,POCH,Pacific West,National Memorial
Potomac Heritage National Scenic Trail (POHE),Potomac Heritage National Scenic Trail,POHE,,
Poverty Point National Monument (POPO),Poverty Point National Monument,POPO,,
President\u0027s Park (PRPA),President\u0027s Park,PRPA,National Capital,Park (Other)
Presidio of San Francisco  (PRSF),Presidio of San Francisco,PRSF,,
Prince William Forest Park (PRWI),Prince William Forest Park,PRWI,National Capital,Park (Other)
Pu\u0027uhonua o Honaunau National Historical Park (PUHO),Pu\u0027uhonua o Honaunau National Historical Park,PUHO,Pacific West,National Historical Park
Pullman National Monument (PULL),Pullman National Monument,PULL,,
Puukohola Heiau National Historic Site (PUHE),Puukohola Heiau National Historic Site,PUHE,Pacific West,National Historic Site
Quinebaug and Shetucket Rivers Valley National Heritage Corridor  (QUSH),Quinebaug and Shetucket Rivers Valley National Heritage Corridor,QUSH,,
Rainbow Bridge National Monument (RABR),Rainbow Bridge National Monument,RABR,Intermountain,National Monument
Reconstruction Era National Monument (REER),Reconstruction Era National Monument,REER,,
Redwood National Park (REDW),Redwood National Park,REDW,Pacific West,National Park
Restoration and Adaptation Branch (RAB),Restoration and Adaptation Branch,RAB,,
Richmond National Battlefield Park (RICH),Richmond National Battlefield Park,RICH,Northeast,National Battlefield Park
Rio Grande Wild and Scenic River (RIGR),Rio Grande Wild and Scenic River,RIGR,Intermountain,National Wild & Scenic River
River Raisin National Battlefield Park (RIRA),River Raisin National Battlefield Park,RIRA,Midwest,National Battlefield Park
"Rivers, Trails, and Conservation Assistance Program  (RTCA)","Rivers, Trails, and Conservation Assistance Program",RTCA,,
Rock Creek Park (ROCR),Rock Creek Park,ROCR,National Capital,Park (Other)
Rocky Mountain National Park (ROMO),Rocky Mountain National Park,ROMO,Intermountain,National Park
Rocky Mountain Network  (ROMN),Rocky Mountain Network,ROMN,,
Roger Williams National Memorial (ROWI),Roger Williams National Memorial,ROWI,Northeast,National Memorial
Ronald Reagan Boyhood Home National Historic Site (RRBH),Ronald Reagan Boyhood Home National Historic Site,RRBH,,
Roosevelt Campobello International Park  (ROCA),Roosevelt Campobello International Park,ROCA,,
Roosevelt-Vanderbilt Headquarters  (ROVA),Roosevelt-Vanderbilt Headquarters,ROVA,,
Rosie The Riveter WWII Home Front National Historical Park (RORI),Rosie The Riveter WWII Home Front National Historical Park,RORI,,
Ross Lake National Recreation Area (ROLA),Ross Lake National Recreation Area,ROLA,Pacific West,National Recreation Area
Route 66 Corridor Preservation Program  (ROSI),Route 66 Corridor Preservation Program,ROSI,,
Russell Cave National Monument (RUCA),Russell Cave National Monument,RUCA,Southeast,National Monument
Sagamore Hill National Historic Site (SAHI),Sagamore Hill National Historic Site,SAHI,Northeast,National Historic Site
Saguaro National Park (SAGU),Saguaro National Park,SAGU,Intermountain,National Park
Saint Croix Island International Historic Site (SACR),Saint Croix Island International Historic Site,SACR,Northeast,International Historic Site
Saint Croix National Scenic River (SACN),Saint Croix National Scenic River,SACN,Midwest,National Wild & Scenic River
Saint Paul\u0027s Church National Historic Site (SAPA),Saint Paul\u0027s Church National Historic Site,SAPA,Northeast,National Historic Site
Saint-Gaudens National Historic Site (SAGA),Saint-Gaudens National Historic Site,SAGA,Northeast,National Historic Site
Salem Maritime National Historic Site (SAMA),Salem Maritime National Historic Site,SAMA,Northeast,National Historic Site
Salinas Pueblo Missions National Monument (SAPU),Salinas Pueblo Missions National Monument,SAPU,Intermountain,National Monument
Salt River Bay National Historical Park and Ecological Preserve (SARI),Salt River Bay National Historical Park and Ecological Preserve,SARI,Southeast,National Historical Park
San Antonio Missions National Historical Park (SAAN),San Antonio Missions National Historical Park,SAAN,Intermountain,National Historical Park
San Francisco Bay Area Network  (SFAN),San Francisco Bay Area Network,SFAN,,
San Francisco Maritime National Historical Park (SAFR),San Francisco Maritime National Historical Park,SAFR,Pacific West,National Historical Park
San Juan Island National Historical Park (SAJH),San Juan Island National Historical Park,SAJH,Pacific West,National Historical Park
San Juan National Historic Site (SAJU),San Juan National Historic Site,SAJU,Southeast,National Historic Site
Sand Creek Massacre National Historic Site (SAND),Sand Creek Massacre National Historic Site,SAND,Intermountain,National Historic Site
Santa Fe National Historic Trail  (SAFE),Santa Fe National Historic Trail,SAFE,,
Santa Fe Support Office  (IMSF),Santa Fe Support Office,IMSF,,
Santa Monica Mountains National Recreation Area (SAMO),Santa Monica Mountains National Recreation Area,SAMO,Pacific West,National Recreation Area
Saratoga National Historical Park (SARA),Saratoga National Historical Park,SARA,Northeast,National Historical Park
Saugus Iron Works National Historic Site (SAIR),Saugus Iron Works National Historic Site,SAIR,Northeast,National Historic Site
Scotts Bluff National Monument (SCBL),Scotts Bluff National Monument,SCBL,Midwest,National Monument
Selma To Montgomery National Historic Trail  (SEMO),Selma To Montgomery National Historic Trail,SEMO,,
Sequoia National Park (SEQU),Sequoia National Park,SEQU,Pacific West,National Park
Sequoia and Kings Canyon National Parks  (SEKI),Sequoia and Kings Canyon National Parks,SEKI,,
Sewall-Belmont House National Historic Site  (SEBE),Sewall-Belmont House National Historic Site,SEBE,,
Shenandoah National Park (SHEN),Shenandoah National Park,SHEN,Northeast,National Park
Shiloh National Cemetery (SHNC),Shiloh National Cemetery,SHNC,,
Shiloh National Military Park (SHIL),Shiloh National Military Park,SHIL,Southeast,National Military Park
Sierra Nevada Network  (SIEN),Sierra Nevada Network,SIEN,,
Sitka National Historical Park (SITK),Sitka National Historical Park,SITK,Alaska,National Historical Park
Sleeping Bear Dunes National Lakeshore (SLBE),Sleeping Bear Dunes National Lakeshore,SLBE,Midwest,National Lakeshore
Social Science Branch (SSB),Social Science Branch,SSB,,
Soil Resources Inventory (SRI),Soil Resources Inventory,SRI,,
Sonoran Desert Network  (SODN),Sonoran Desert Network,SODN,,
South Atlantic FWS Landscape Conservation Cooperative  (FSAT),South Atlantic FWS Landscape Conservation Cooperative,FSAT,,
South Florida/Caribbean Network  (SFCN),South Florida/Caribbean Network,SFCN,,
Southeast Alaska Network  (SEAN),Southeast Alaska Network,SEAN,,
Southeast Archeological Center  (SEAC),Southeast Archeological Center,SEAC,,
Southeast Coast Network  (SECN),Southeast Coast Network,SECN,,
Southeast Land Acquisition Office  (SELO),Southeast Land Acquisition Office,SELO,,
Southeast Region  (SER),Southeast Region,SER,,
Southeast Region Office  (SERO),Southeast Region Office,SERO,,
Southeast Support Office  (SESO),Southeast Support Office,SESO,,
Southern Arizona Office  (SOAR),Southern Arizona Office,SOAR,,
Southern Colorado Plateau Network  (SCPN),Southern Colorado Plateau Network,SCPN,,
Southern Plains Network  (SOPN),Southern Plains Network,SOPN,,
Southern Rockies FWS Landscape Conservation Cooperative  (FSRO),Southern Rockies FWS Landscape Conservation Cooperative,FSRO,,
Southwest Alaska Network  (SWAN),Southwest Alaska Network,SWAN,,
Spanish Colonial Research Center  (SCRC),Spanish Colonial Research Center,SCRC,,
Species Lists Inventory (SLI),Species Lists Inventory,SLI,,
Species Occurrence and Distribution Inventory (SOD),Species Occurrence and Distribution Inventory,SOD,,
Springfield Armory National Historic Site (SPAR),Springfield Armory National Historic Site,SPAR,Northeast,National Historic Site
Star-Spangled Banner National Historic Trail (STSP),Star-Spangled Banner National Historic Trail,STSP,,
Statue of Liberty National Monument (STLI),Statue of Liberty National Monument,STLI,Northeast,National Monument
Steamtown National Historic Site (STEA),Steamtown National Historic Site,STEA,Northeast,National Historic Site
Stephen T. Mather Training Center  (STMA),Stephen T. Mather Training Center,STMA,,
Stones River National Battlefield (STRI),Stones River National Battlefield,STRI,Southeast,National Battlefield
Stones River National Cemetery (SRNC),Stones River National Cemetery,SRNC,,
Stonewall National Monument (STON),Stonewall National Monument,STON,,
"Sudbury, Assabet and Concord National Wild And Scenic River (SUAS)","Sudbury, Assabet and Concord National Wild And Scenic River",SUAS,,
Suitland Parkway (SUIT),Suitland Parkway,SUIT,,
Sunset Crater Volcano National Monument (SUCR),Sunset Crater Volcano National Monument,SUCR,Intermountain,National Monument
Tallgrass Prairie National Preserve (TAPR),Tallgrass Prairie National Preserve,TAPR,Midwest,National Preserve
Thaddeus Kosciuszko National Memorial (THKO),Thaddeus Kosciuszko National Memorial,THKO,Northeast,National Memorial
The Old Stone House  (OLST),The Old Stone House,OLST,,
Theodore Roosevelt Birthplace National Historic Site (THRB),Theodore Roosevelt Birthplace National Historic Site,THRB,Northeast,National Historic Site
Theodore Roosevelt Inaugural National Historic Site (THRI),Theodore Roosevelt Inaugural National Historic Site,THRI,Northeast,National Historic Site
Theodore Roosevelt Island National Memorial (THIS),Theodore Roosevelt Island National Memorial,THIS,National Capital,National Memorial
Theodore Roosevelt National Park (THRO),Theodore Roosevelt National Park,THRO,Midwest,National Park
Thomas Cole National Historic Site  (THCO),Thomas Cole National Historic Site,THCO,,
Thomas Edison National Historical Park (EDIS),Thomas Edison National Historical Park,EDIS,Northeast,National Historical Park
Thomas Jefferson Memorial  (JEFM),Thomas Jefferson Memorial,JEFM,National Capital,National Memorial
Thomas Stone National Historic Site (THST),Thomas Stone National Historic Site,THST,Northeast,National Historic Site
Timpanogos Cave National Monument (TICA),Timpanogos Cave National Monument,TICA,Intermountain,National Monument
Timucuan Ecological and Historic Preserve (TIMU),Timucuan Ecological and Historic Preserve,TIMU,Southeast,National Preserve
Tonto National Monument (TONT),Tonto National Monument,TONT,Intermountain,National Monument
Touro Synagogue National Historic Site  (TOSY),Touro Synagogue National Historic Site,TOSY,,
Trail of Tears National Historic Trail  (TRTE),Trail of Tears National Historic Trail,TRTE,,
Tule Springs Fossil Beds National Monument (TUSK),Tule Springs Fossil Beds National Monument,TUSK,,
Tumacacori National Historical Park (TUMA),Tumacacori National Historical Park,TUMA,Intermountain,National Historical Park
Tupelo National Battlefield (TUPE),Tupelo National Battlefield,TUPE,,
Tuskegee Airmen National Historic Site (TUAI),Tuskegee Airmen National Historic Site,TUAI,Southeast,National Historic Site
Tuskegee Institute National Historic Site (TUIN),Tuskegee Institute National Historic Site,TUIN,Southeast,National Historic Site
Tuzigoot National Monument (TUZI),Tuzigoot National Monument,TUZI,Intermountain,National Monument
U.S. Navy Memorial  (NAVY),U.S. Navy Memorial,NAVY,,
US/Mexico Affairs Office  (MEAF),US/Mexico Affairs Office,MEAF,,
Ulysses S. Grant National Historic Site (ULSG),Ulysses S. Grant National Historic Site,ULSG,Midwest,National Historic Site
United States Park Police  (USPP),United States Park Police,USPP,,
Upper Columbia Basin Network  (UCBN),Upper Columbia Basin Network,UCBN,,
Upper Delaware National Scenic and Recreation River (UPDE),Upper Delaware National Scenic and Recreation River,UPDE,Northeast,National Wild & Scenic River
Upper Midwest and Great Lakes FWS Landscape Conservation Cooperative  (FUMW),Upper Midwest and Great Lakes FWS Landscape Conservation Cooperative,FUMW,,
Valles Caldera National Preserve (VALL),Valles Caldera National Preserve,VALL,,
Valley Forge National Historical Park (VAFO),Valley Forge National Historical Park,VAFO,Northeast,National Historical Park
Vanderbilt Mansion National Historic Site (VAMA),Vanderbilt Mansion National Historic Site,VAMA,Northeast,National Historic Site
Vegetation Inventory (VMI),Vegetation Inventory,VMI,,
Vicksburg National Cemetery (VINC),Vicksburg National Cemetery,VINC,,
Vicksburg National Military Park (VICK),Vicksburg National Military Park,VICK,Southeast,National Military Park
Vietnam Veterans Memorial (VIVE),Vietnam Veterans Memorial,VIVE,National Capital,National Memorial
Vietnam Womens National Memorial (VIWO),Vietnam Womens National Memorial,VIWO,,
Virgin Islands Coral Reef National Monument (VICR),Virgin Islands Coral Reef National Monument,VICR,,
Virgin Islands National Park (VIIS),Virgin Islands National Park,VIIS,Southeast,National Park
Voyageurs National Park (VOYA),Voyageurs National Park,VOYA,Midwest,National Park
WRD - Aquatic Systems Branch (AQSY),WRD - Aquatic Systems Branch,AQSY,,
WRD - Ocean and Coastal Resources Branch (OCRB),WRD - Ocean and Coastal Resources Branch,OCRB,,
WRD - Planning and Information Branch (PLIN),WRD - Planning and Information Branch,PLIN,,
WRD - Water Rights Branch (WARI),WRD - Water Rights Branch,WARI,,
Waco Mammoth National Monument (WACO),Waco Mammoth National Monument,WACO,,
Walnut Canyon National Monument (WACA),Walnut Canyon National Monument,WACA,Intermountain,National Monument
War in the Pacific National Historical Park (WAPA),War in the Pacific National Historical Park,WAPA,Pacific West,National Historical Park
Warm Springs Apache  (WASP),Warm Springs Apache,WASP,,
Warren G Harding National Memorial (WAHA),Warren G Harding National Memorial,WAHA,,
Washington Monument National Memorial (WAMO),Washington Monument National Memorial,WAMO,National Capital,National Memorial
Washington Training Center  (WATC),Washington Training Center,WATC,,
Washington-Rochambeau Revolutionary Route National Historic Trail (WARO),Washington-Rochambeau Revolutionary Route National Historic Trail,WARO,,
Washita Battlefield National Historic Site (WABA),Washita Battlefield National Historic Site,WABA,Intermountain,National Historic Site
Water Body Location and Classification  Inventory (WBI),Water Body Location and Classification  Inventory,WBI,,
Water Resources Division  (WRD),Water Resources Division,WRD,,
Weir Farm National Historic Site (WEFA),Weir Farm National Historic Site,WEFA,Northeast,National Historic Site
West Potomac Park  (WEPO),West Potomac Park,WEPO,,
Western Alaska FWS Landscape Conservation Cooperative  (FWAK),Western Alaska FWS Landscape Conservation Cooperative,FWAK,,
Western Archeological and Conservation Center  (WACC),Western Archeological and Conservation Center,WACC,,
Western Arctic National Parklands  (WEAR),Western Arctic National Parklands,WEAR,,
Whiskeytown National Recreation Area (WHIS),Whiskeytown National Recreation Area,WHIS,Pacific West,National Recreation Area
White House (WHHO),White House,WHHO,National Capital,Park (Other)
White House Visitor Center (WHVC),White House Visitor Center,WHVC,,
White Sands National Monument (WHSA),White Sands National Monument,WHSA,Intermountain,National Monument
Whitman Mission National Historic Site (WHMI),Whitman Mission National Historic Site,WHMI,Pacific West,National Historic Site
Wildcat Brook National Wild and Scenic River  (WIBR),Wildcat Brook National Wild and Scenic River,WIBR,,
Wildlife Conservation Branch (WCB),Wildlife Conservation Branch,WCB,,
Wildlife Health Branch (WHB),Wildlife Health Branch,WHB,,
William Howard Taft National Historic Site (WIHO),William Howard Taft National Historic Site,WIHO,Midwest,National Historic Site
William Jefferson Clinton Birthplace National Historic Site (WICL),William Jefferson Clinton Birthplace National Historic Site,WICL,Southeast,National Historic Site
Wilson\u0027s Creek National Battlefield (WICR),Wilson\u0027s Creek National Battlefield,WICR,Midwest,National Battlefield
Wind Cave National Park (WICA),Wind Cave National Park,WICA,Midwest,National Park
Wolf Trap National Park for the Performing Arts  (WOTR),Wolf Trap National Park for the Performing Arts,WOTR,National Capital,Park (Other)
Women\u0027s Rights National Historical Park (WORI),Women\u0027s Rights National Historical Park,WORI,Northeast,National Historical Park
World War II Memorial (WWII),World War II Memorial,WWII,National Capital,National Memorial
World War II Valor in the Pacific National Monument (VALR),World War II Valor in the Pacific National Monument,VALR,Pacific West,National Monument
Wrangell - St Elias National Park and Preserve  (WRST),Wrangell - St Elias National Park and Preserve,WRST,Alaska,National Park
Wright Brothers National Memorial (WRBR),Wright Brothers National Memorial,WRBR,Southeast,National Memorial
Wupatki National Monument (WUPA),Wupatki National Monument,WUPA,Intermountain,National Monument
Yellowstone National Park (YELL),Yellowstone National Park,YELL,Intermountain,National Park
Yorktown Battlefield  (YONB),Yorktown Battlefield,YONB,,
Yorktown National Cemetery (YORK),Yorktown National Cemetery,YORK,,
Yosemite National Park (YOSE),Yosemite National Park,YOSE,Pacific West,National Park
Yucca House National Monument (YUHO),Yucca House National Monument,YUHO,,
Yukon-Charley Rivers National Preserve (YUCH),Yukon-Charley Rivers National Preserve,YUCH,Alaska,National Preserve
Zion National Park (ZION),Zion National Park,ZION,Intermountain,National Park
